,customerNumber,customerName,contactLastName,contactFirstName,phone,addressLine1,addressLine2,city,state,postalCode,country,salesRepEmployeeNumber,creditLimit
0,148,"Dragon Souveniers, Ltd.",Natividad,Eric,+65 221 7555,Bronz Sok.,Bronz Apt. 3/6 Tesvikiye,Singapore,,079903,Singapore,1621,103800.0
1,177,Osaka Souveniers Co.,Kentary,Mory,+81 06 6342 5555,1-6-20 Dojima,,Kita-ku,Osaka, 530-0003,Japan,1621,81200.0
2,211,"King Kong Collectables, Co.",Gao,Mike,+852 2251 1555,Bank of China Tower,1 Garden Road,Central Hong Kong,,,Hong Kong,1621,58600.0
3,385,Cruz & Sons Co.,Cruz,Arnold,+63 2 555 3587,15 McCallum Street,NatWest Center #13-03,Makati City,,1227 MM,Philippines,1621,81500.0
4,398,"Tokyo Collectables, Ltd",Shimamura,Akiko,+81 3 3584 0555,2-2-8 Roppongi,,Minato-ku,Tokyo,106-0032,Japan,1621,94400.0
